tx id	gene	stop tet	padj<0.1
ENST00000321757.11	MAT2B	TAGT	SMG1ivDMSO
ENST00000375651.7	HSPA1A	TAGG	SMG1ivDMSO
ENST00000510678.5	HNRNPH1	TGAG	GIGYF2dvWT,SMG1ivDMSO
ENST00000378081.9	NDUFAF5	TAAT	SMG1ivDMSO
ENST00000369158.1	H3C14	TAAG	SMG1ivDMSO
ENST00000331728.9	LIMK2	TAGC	SMG1ivDMSO
ENST00000354618.10	THRAP3	TAGG	EIF4E2dvWT,GIGYF2dvWT
ENST00000676004.1	AARS1	TAGC	EIF4E2dvWT
ENST00000533682.2	CLP1	TAGA	SMG1ivDMSO
ENST00000562333.5	RHOT2	TGAG	SMG1ivDMSO
ENST00000371402.5	RHOXF2B	TAAG	SMG1ivDMSO
ENST00000262193.7	PSMB1	TGAT	SMG1ivDMSO
ENST00000379238.7	UBAP2	TAAA	EIF4E2dvWT,GIGYF2dvWT
ENST00000477703.6	SMIM4	TGAG	SMG1ivDMSO
ENST00000621632.5	DDX24	TAAC	SMG1ivDMSO
ENST00000568685.1	FUS	TAAT	SMG1ivDMSO
ENST00000433176.6	MORF4L2	TGAG	SMG1ivDMSO
ENST00000361891.9	ILF2	TGAC	SMG1ivDMSO
ENST00000621751.4	SLC6A6	TAAG	SMG1ivDMSO
ENST00000279036.12	PIGT	TGAT	SMG1ivDMSO
ENST00000316939.3	GADD45GIP1	TGAG	SMG1ivDMSO
ENST00000373586.1	EIF3I	TAAG	SMG1ivDMSO
ENST00000262746.5	PRDX1	TGAG	SMG1ivDMSO
ENST00000520468.7	COX6C	TAAT	SMG1ivDMSO
ENST00000390658.4	EID2	TAGT	SMG1ivDMSO
ENST00000342192.9	UBE2L3	TAAA	SMG1ivDMSO
ENST00000609094.2	RALBP1	TGAT	SMG1ivDMSO
ENST00000327892.13	TUBB	TAAG	SMG1ivDMSO
ENST00000493471.2	PSMB5	TGAA	SMG1ivDMSO
ENST00000616261.2	YARS1	TGAT	SMG1ivDMSO
ENST00000503731.6	TUSC3	TGAG	GIGYF2dvWT
ENST00000304786.12	SRP9	TGAA	SMG1ivDMSO
ENST00000432615.5	NCAPG2	TAAC	SMG1ivDMSO
ENST00000644841.1	OPA1	TAAT	SMG1ivDMSO
ENST00000542129.5	DDX11	TGAA	SMG1ivDMSO
ENST00000440191.6	EIF4A2	TAAT	SMG1ivDMSO
ENST00000642379.1	GLUL	TAAG	SMG1ivDMSO
ENST00000328434.8	COA3	TAAT	SMG1ivDMSO
ENST00000221419.9	HNRNPL	TAAT	SMG1ivDMSO
ENST00000470472.5	SFPQ	TGAT	SMG1ivDMSO
ENST00000279259.7	FAU	TAAG	EIF4E2dvWT
ENST00000303071.10	DONSON	TGAA	SMG1ivDMSO
ENST00000338163.10	RBM39	TAGC	SMG1ivDMSO
ENST00000280326.9	CCT5	TGAA	SMG1ivDMSO
ENST00000580461.5	EIF4A1	TAAC	SMG1ivDMSO
ENST00000369713.10	GSTO1	TGAA	SMG1ivDMSO
ENST00000428041.4	ARHGAP11B	TAGG	SMG1ivDMSO
ENST00000566605.5	FUS	TGAC	SMG1ivDMSO
ENST00000588173.1	IER2	TGAG	SMG1ivDMSO
ENST00000410075.5	ZNF638	TAAT	SMG1ivDMSO
ENST00000342669.7	SNRPD2	TAGG	SMG1ivDMSO
ENST00000588692.5	DDX39A	TGAT	SMG1ivDMSO
ENST00000380010.8	SLC19A1	TGAC	SMG1ivDMSO
ENST00000603777.5	TAF15	TAGA	SMG1ivDMSO
ENST00000322831.6	ZCCHC7	TAAA	SMG1ivDMSO
ENST00000429815.6	CYP20A1	TAAA	SMG1ivDMSO
ENST00000378823.8	RAD50	TAAA	EIF4E2dvWT,GIGYF2dvWT
ENST00000455528.5	SON	TAAG	SMG1ivDMSO
ENST00000337502.5	SSX2	TAAC	GIGYF2dvWT
ENST00000311048.11	ZNF431	TAAG	EIF4E2dvWT
ENST00000494339.5	KPNA1	TGAT	SMG1ivDMSO
ENST00000264993.8	CDV3	TAAG	SMG1ivDMSO
ENST00000547528.5	SART3	TAGA	SMG1ivDMSO
ENST00000675651.1	GARS1	TGAG	SMG1ivDMSO
ENST00000676227.1	PTBP1	TAGT	EIF4E2dvWT,GIGYF2dvWT,SMG1ivDMSO
ENST00000424354.5	SREBF2	TGAG	SMG1ivDMSO
ENST00000381679.8	SON	TAGA	EIF4E2dvWT,SMG1ivDMSO
ENST00000361427.6	HMGN2	TGAA	SMG1ivDMSO
ENST00000675937.1	ZMPSTE24	TGAA	SMG1ivDMSO
ENST00000331220.6	MAGEA2B	TGAG	SMG1ivDMSO
ENST00000583313.7	RBM8A	TGAC	SMG1ivDMSO
ENST00000483858.5	RBM4	TAAG	EIF4E2dvWT,GIGYF2dvWT
ENST00000644701.1	SMARCE1	TAAA	SMG1ivDMSO
ENST00000337109.9	MRPL35	TAGA	EIF4E2dvWT
ENST00000263864.10	VAMP8	TAAG	SMG1ivDMSO
ENST00000551258.5	RPLP0	TGAT	SMG1ivDMSO
ENST00000287667.12	NOMO1	TGAG	SMG1ivDMSO
ENST00000334828.6	PGAM1	TGAA	SMG1ivDMSO
ENST00000531709.6	NXF1	TGAG	EIF4E2dvWT
ENST00000610347.1	LENG8	TAGA	SMG1ivDMSO
ENST00000377401.3	H2BC13	TAAA	GIGYF2dvWT
ENST00000261531.12	SNW1	TAGG	SMG1ivDMSO
ENST00000618728.4	MYB	TAAA	GIGYF2dvWT
ENST00000361040.9	GON4L	TGAT	SMG1ivDMSO
ENST00000314332.5	H2BC4	TAAA	GIGYF2dvWT
ENST00000635641.1	AL031777.2	TGAA	GIGYF2dvWT
ENST00000366159.8	TNFRSF1A	TAGC	GIGYF2dvWT
ENST00000258772.9	DDX56	TGAG	SMG1ivDMSO
ENST00000260379.11	RPLP1	TAAA	EIF4E2dvWT,GIGYF2dvWT
ENST00000527169.5	TAF1D	TGAG	EIF4E2dvWT,GIGYF2dvWT
ENST00000525639.1	CREBZF	TGAT	GIGYF2dvWT
ENST00000676231.1	HSPB1	TAAA	GIGYF2dvWT
ENST00000380715.5	PSIP1	TAAA	SMG1ivDMSO
ENST00000418115.6	RHOA	TGAA	SMG1ivDMSO
ENST00000265260.8	PCNP	TAAA	SMG1ivDMSO
ENST00000587896.6	CIRBP	TAAA	SMG1ivDMSO
ENST00000319688.5	KIDINS220	TGAG	SMG1ivDMSO
ENST00000260361.9	NDUFAF1	TAAA	SMG1ivDMSO
ENST00000271469.7	UAP1	TGAA	EIF4E2dvWT,SMG1ivDMSO
ENST00000360864.9	DNAJC5	TAAA	GIGYF2dvWT
ENST00000534770.1	TAF1D	TGAA	EIF4E2dvWT
ENST00000356464.10	RPS26	TAAG	SMG1ivDMSO
ENST00000649578.1	HSPA9	TAAA	SMG1ivDMSO
ENST00000343262.9	RPS2	TAGG	SMG1ivDMSO
ENST00000218388.9	TIMP1	TGAA	GIGYF2dvWT
ENST00000339486.8	RIOK3	TAGC	SMG1ivDMSO
ENST00000616035.4	MAGEA6	TGAG	SMG1ivDMSO
ENST00000453386.7	TRA2B	TAAA	SMG1ivDMSO
ENST00000572105.6	ACTG1	TGAC	EIF4E2dvWT,GIGYF2dvWT
ENST00000314088.6	H2AC6	TGAT	GIGYF2dvWT
ENST00000271628.9	SF3B4	TAAA	GIGYF2dvWT
ENST00000464606.5	ZC3HAV1	TAGA	SMG1ivDMSO
ENST00000614556.5	DCAF7	TAGT	SMG1ivDMSO
ENST00000600523.5	SRRM1	TGAA	SMG1ivDMSO
ENST00000392485.2	SRSF2	TAAG	SMG1ivDMSO
ENST00000354667.8	HNRNPA2B1	TGAG	SMG1ivDMSO
ENST00000512285.5	GALNT7	TAAA	SMG1ivDMSO
ENST00000312561.9	RESF1	TAAT	SMG1ivDMSO
ENST00000652691.1	SPN	TAAG	SMG1ivDMSO
ENST00000383801.6	SEC13	TGAC	SMG1ivDMSO
ENST00000513538.2	TCOF1	TGAA	SMG1ivDMSO
ENST00000510525.5	MTRR	TGAC	EIF4E2dvWT,SMG1ivDMSO
ENST00000509126.2	POLK	TAGA	SMG1ivDMSO
ENST00000532297.5	NXF1	TGAT	SMG1ivDMSO
ENST00000645655.1	TBCE	TGAC	SMG1ivDMSO
ENST00000268059.10	PML	TGAG	SMG1ivDMSO
ENST00000409406.1	RBM4	TAAA	SMG1ivDMSO
ENST00000609519.5	AKAP8L	TAGG	SMG1ivDMSO
ENST00000298289.7	RPL36AL	TAAA	SMG1ivDMSO
ENST00000331380.4	H2AC20	TAAA	GIGYF2dvWT
ENST00000486387.6	CBWD6	TAAA	SMG1ivDMSO
ENST00000409364.3	GTF3C3	TGAG	SMG1ivDMSO
ENST00000334944.9	SF1	TGAG	SMG1ivDMSO
ENST00000395131.5	PFDN6	TGAC	SMG1ivDMSO
ENST00000596802.5	SIN3B	TGAG	SMG1ivDMSO
ENST00000470821.5	ARMC8	TGAA	SMG1ivDMSO
ENST00000553521.5	SRSF5	TAAA	SMG1ivDMSO
ENST00000443864.6	OGDH	TAAC	EIF4E2dvWT,GIGYF2dvWT
ENST00000674629.1	YARS1	TGAG	EIF4E2dvWT,GIGYF2dvWT
ENST00000418572.7	STAT2	TAAG	SMG1ivDMSO
ENST00000382041.7	NIN	TAAC	GIGYF2dvWT
ENST00000648805.1	COPA	TAAA	SMG1ivDMSO
ENST00000313511.8	TUFM	TGAG	SMG1ivDMSO
ENST00000272418.7	MRPS5	TAAC	SMG1ivDMSO
ENST00000271450.12	FCGR2A	TAAA	GIGYF2dvWT
ENST00000322723.9	NCL	TAGC	SMG1ivDMSO
ENST00000493662.6	MSH5-SAPCD1	TGAG	SMG1ivDMSO
ENST00000299138.12	VPS35	TAAA	GIGYF2dvWT
ENST00000395952.8	ABHD16A	TAGG	GIGYF2dvWT
ENST00000544028.5	NRDC	TGAC	SMG1ivDMSO
ENST00000430350.2	PRNP	TGAG	SMG1ivDMSO
ENST00000304312.5	ATP5ME	TGAG	GIGYF2dvWT
ENST00000373237.4	PSMB2	TAAC	SMG1ivDMSO
ENST00000315576.8	ADGRE2	TAGA	GIGYF2dvWT
ENST00000305877.13	BCR	TAAA	SMG1ivDMSO
ENST00000531970.5	SPATA5L1	TGAA	EIF4E2dvWT
ENST00000380636.1	TMSB4X	TAAT	SMG1ivDMSO
ENST00000558764.1	CINP	TAAC	EIF4E2dvWT,GIGYF2dvWT
ENST00000559973.5	ETFA	TAAG	SMG1ivDMSO
ENST00000599255.5	EMP3	TGAG	SMG1ivDMSO
ENST00000301740.13	SRRM2	TAAA	GIGYF2dvWT
ENST00000337659.11	PRPF4B	TAAA	SMG1ivDMSO
ENST00000448516.6	KAT8	TGAT	SMG1ivDMSO
ENST00000525477.5	MYB	TAAA	EIF4E2dvWT
ENST00000261210.9	TMPO	TGAC	EIF4E2dvWT
ENST00000587391.5	WDR62	TAAG	SMG1ivDMSO
ENST00000590943.6	OAZ1	TGAA	EIF4E2dvWT
ENST00000311129.9	PPP2R1B	TAAT	SMG1ivDMSO
ENST00000536769.1	UBC	TAAG	EIF4E2dvWT,GIGYF2dvWT,SMG1ivDMSO
ENST00000368320.7	KHDC4	TAAA	SMG1ivDMSO
ENST00000580018.4	TIMM23	TGAA	SMG1ivDMSO
ENST00000549740.5	PRR13	TAGG	SMG1ivDMSO
ENST00000605337.5	MRPL37	TAAT	GIGYF2dvWT,SMG1ivDMSO
ENST00000638422.1	LIAS	TAAT	SMG1ivDMSO
ENST00000532444.5	EIF3M	TAGC	EIF4E2dvWT
ENST00000022615.9	VDAC3	TAAT	SMG1ivDMSO
ENST00000369041.9	ADAMTSL4	TAGC	SMG1ivDMSO
ENST00000594527.1	UBA52	TGAC	SMG1ivDMSO
ENST00000639724.1	MED17	TAAA	SMG1ivDMSO
ENST00000582401.6	TXNIP	TGAG	EIF4E2dvWT
ENST00000674170.1	LARS1	TGAA	SMG1ivDMSO
ENST00000507591.2	DEK	TGAC	SMG1ivDMSO
ENST00000615234.5	POLR2E	TAGC	SMG1ivDMSO
ENST00000358666.7	UBL5	TAGA	SMG1ivDMSO
ENST00000247001.10	SUGP1	TGAG	SMG1ivDMSO
ENST00000379257.7	DNAJC2	TGAA	SMG1ivDMSO
ENST00000371873.9	CMPK1	TAAT	SMG1ivDMSO
ENST00000456048.5	TANGO2	TAAC	SMG1ivDMSO
ENST00000378719.7	SEPTIN8	TGAG	EIF4E2dvWT
ENST00000537638.6	MARS1	TAGG	SMG1ivDMSO
ENST00000479907.1	ZNF282	TGAG	SMG1ivDMSO
ENST00000335725.9	TDP1	TGAG	GIGYF2dvWT
ENST00000511355.5	NME1	TGAT	SMG1ivDMSO
UGAC_reporter	UGAC_reporter	TGAC	SMG1ivDMSO
ENST00000542430.5	ELP2	TGAT	SMG1ivDMSO
ENST00000539061.5	C2CD3	TGAG	SMG1ivDMSO
ENST00000361752.8	QKI	TAAC	GIGYF2dvWT
ENST00000509148.1	RACK1	TAAT	EIF4E2dvWT
ENST00000229379.3	COX6A1	TAAA	SMG1ivDMSO
ENST00000256442.10	CCNB1	TAAC	SMG1ivDMSO
ENST00000436427.1	YBX1	TAAA	SMG1ivDMSO
ENST00000229270.8	TPI1	TGAG	SMG1ivDMSO
ENST00000359611.4	H2AC17	TAAG	GIGYF2dvWT
ENST00000637806.1	SMARCA2	TAAC	EIF4E2dvWT
ENST00000562081.2	COG8	TAAA	EIF4E2dvWT
ENST00000359303.4	H3C12	TAAT	GIGYF2dvWT
ENST00000340309.7	UBE2V1	TAAT	SMG1ivDMSO
ENST00000648914.1	CTPS1	TGAA	SMG1ivDMSO
ENST00000268896.10	PCTP	TAAG	SMG1ivDMSO
ENST00000309469.9	ATG4D	TAAA	SMG1ivDMSO
ENST00000543879.6	AQR	TGAC	SMG1ivDMSO
ENST00000380542.9	NAP1L4	TAAT	SMG1ivDMSO
ENST00000376040.2	NAA35	TGAC	SMG1ivDMSO
ENST00000358296.11	ZNF100	TGAA	EIF4E2dvWT
ENST00000225726.10	CCDC47	TAAA	EIF4E2dvWT
ENST00000645840.1	CSNK2A1	TGAC	GIGYF2dvWT
ENST00000435363.7	C4B	TGAG	EIF4E2dvWT
ENST00000375864.4	LY6G5B	TGAA	EIF4E2dvWT
ENST00000531743.5	FAU	TAAG	SMG1ivDMSO
ENST00000470121.5	CCNL1	TAGA	EIF4E2dvWT
ENST00000587424.2	SRSF8	TAAG	SMG1ivDMSO
ENST00000641319.1	PPT1	TAGG	GIGYF2dvWT,SMG1ivDMSO
ENST00000360605.8	URI1	TAAT	EIF4E2dvWT
ENST00000453163.6	PDCD2	TAAG	EIF4E2dvWT
ENST00000229329.7	CMAS	TAGA	SMG1ivDMSO
ENST00000467789.5	SSR3	TAGA	SMG1ivDMSO
ENST00000526325.5	GATD1	TGAA	SMG1ivDMSO
ENST00000300213.9	CCNDBP1	TGAC	SMG1ivDMSO
ENST00000360270.7	MSN	TAAT	SMG1ivDMSO
ENST00000599589.5	ARHGEF1	TAGG	SMG1ivDMSO
ENST00000545664.5	SLC39A3	TGAG	GIGYF2dvWT
ENST00000651543.1	AC021087.5	TGAG	SMG1ivDMSO
ENST00000649812.1	ECE1	TAGA	SMG1ivDMSO
ENST00000484291.5	DUSP12	TGAC	SMG1ivDMSO
ENST00000421625.6	USP48	TAAG	SMG1ivDMSO
ENST00000446916.2	ATRN	TGAG	SMG1ivDMSO
ENST00000287647.7	FANCD2	TAAC	GIGYF2dvWT
ENST00000301788.12	POLR2G	TGAG	SMG1ivDMSO
ENST00000415930.8	GPI	TAAA	SMG1ivDMSO
ENST00000225655.6	PFN1	TGAC	SMG1ivDMSO
ENST00000328747.12	ZNF92	TGAA	EIF4E2dvWT
ENST00000575977.1	YWHAE	TAAG	GIGYF2dvWT
ENST00000307630.5	YWHAG	TAAG	SMG1ivDMSO
ENST00000613151.1	TPR	TAG	GIGYF2dvWT,SMG1ivDMSO
ENST00000539276.7	ATP2A2	TGAC	EIF4E2dvWT
ENST00000327044.7	NOC2L	TGAG	SMG1ivDMSO
ENST00000301785.7	HNRNPUL2	TGAA	SMG1ivDMSO
ENST00000359193.3	H2AC11	TAAC	GIGYF2dvWT
ENST00000570085.5	ARIH1	TAAC	EIF4E2dvWT,GIGYF2dvWT,SMG1ivDMSO
ENST00000629305.2	GIGYF2	TGAG	EIF4E2dvWT
ENST00000381657.8	PLCXD1	TGAC	SMG1ivDMSO
ENST00000630130.2	CFH	TGAA	SMG1ivDMSO
ENST00000616088.4	MYB	TAAT	EIF4E2dvWT,GIGYF2dvWT
ENST00000429029.6	DNAJB6	TAAT	SMG1ivDMSO
ENST00000357214.6	SFPQ	TAGA	SMG1ivDMSO
ENST00000448750.7	RAN	TGAG	SMG1ivDMSO
ENST00000648012.1	RHD	TAAA	EIF4E2dvWT
ENST00000443950.6	HNRNPF	TAGT	SMG1ivDMSO
ENST00000394308.8	ASNS	TAGG	SMG1ivDMSO
ENST00000370768.7	FUBP1	TAAT	GIGYF2dvWT
ENST00000370924.4	PTGER3	TGAA	SMG1ivDMSO
ENST00000358739.4	H2AC13	TAGA	GIGYF2dvWT
ENST00000371835.8	BRD4	TAAT	SMG1ivDMSO
ENST00000234590.10	ENO1	TAAG	SMG1ivDMSO
ENST00000336906.6	HBG2	TGAG	SMG1ivDMSO
ENST00000456380.5	TRA2B	TGAA	SMG1ivDMSO
ENST00000489945.5	TRIT1	TGAA	SMG1ivDMSO
ENST00000578049.4	SEC22B	TGAA	SMG1ivDMSO
ENST00000429769.5	EEF1B2	TAGA	SMG1ivDMSO
ENST00000261622.5	SLC7A5	TAGC	SMG1ivDMSO
ENST00000395652.7	DPP8	TAGA	SMG1ivDMSO
ENST00000394123.7	G3BP1	TGAA	SMG1ivDMSO
ENST00000651448.1	TPP2	TAGC	EIF4E2dvWT,SMG1ivDMSO
ENST00000314133.4	COX8A	TGAA	SMG1ivDMSO
ENST00000498035.5	HM13	TGAG	SMG1ivDMSO
ENST00000562935.5	RPS15A	TGAA	EIF4E2dvWT
ENST00000536731.5	FCGR2A	TGAA	SMG1ivDMSO
ENST00000492741.5	PSPC1	TGAA	SMG1ivDMSO
ENST00000369159.2	H2AC18	TGAG	EIF4E2dvWT
ENST00000395957.6	YWHAZ	TAAC	SMG1ivDMSO
ENST00000248958.5	SDF2L1	TGAG	GIGYF2dvWT,SMG1ivDMSO
ENST00000261735.4	ERP29	TAAA	SMG1ivDMSO
ENST00000643051.1	ABCC4	TAAC	GIGYF2dvWT
ENST00000360156.11	SEPTIN6	TAAC	GIGYF2dvWT
ENST00000573224.2	GOSR2	TGAC	GIGYF2dvWT
ENST00000327300.12	KHDRBS1	TAAA	SMG1ivDMSO
ENST00000401730.5	SNRNP70	TGAT	GIGYF2dvWT,SMG1ivDMSO
ENST00000525964.6	NCAPD3	TAGG	SMG1ivDMSO
ENST00000399794.6	RBMXL1	TAGA	SMG1ivDMSO
ENST00000565361.3	AARS1	TGAG	SMG1ivDMSO
ENST00000554455.5	HNRNPC	TAAG	SMG1ivDMSO
ENST00000381700.10	GAGE1	TAAA	SMG1ivDMSO
ENST00000313117.11	SRSF7	TGAA	SMG1ivDMSO
ENST00000448116.7	SHC1	TGAT	SMG1ivDMSO
ENST00000373509.6	PIM1	TAGC	SMG1ivDMSO
ENST00000318607.10	PABPC1	TAAA	SMG1ivDMSO
ENST00000296417.6	H2AZ1	TAAA	SMG1ivDMSO
ENST00000374930.7	NUP35	TAAA	EIF4E2dvWT
ENST00000348462.6	RPL35	TGAG	SMG1ivDMSO
ENST00000642816.3	ALDOA	TAAG	EIF4E2dvWT,GIGYF2dvWT
ENST00000507115.5	HSPA9	TAGC	SMG1ivDMSO
ENST00000376759.8	RBM3	TGAA	SMG1ivDMSO
ENST00000321394.12	TCP1	TGAT	SMG1ivDMSO
ENST00000323301.8	LRSAM1	TGAG	EIF4E2dvWT
ENST00000416165.6	BAHD1	TAGC	SMG1ivDMSO
ENST00000594975.5	EPS15L1	TAAG	EIF4E2dvWT
ENST00000388749.7	HNRNPL	TGAA	SMG1ivDMSO
ENST00000474904.5	GPATCH4	TAAG	EIF4E2dvWT,GIGYF2dvWT
ENST00000475204.5	SRSF11	TGAG	SMG1ivDMSO
ENST00000477442.6	SRSF3	TGAA	SMG1ivDMSO
ENST00000534180.1	FTH1	TAAC	EIF4E2dvWT
ENST00000534269.5	BCLAF1	TGAA	SMG1ivDMSO
ENST00000369294.5	POLR3C	TGAG	SMG1ivDMSO
ENST00000484069.1	LAS1L	TGAT	GIGYF2dvWT
ENST00000228251.9	YBX3	TAAC	SMG1ivDMSO
ENST00000441719.5	KDM3A	TAAA	SMG1ivDMSO
ENST00000209728.9	CDC6	TAAA	EIF4E2dvWT
ENST00000509576.5	DDX41	TGAG	SMG1ivDMSO
ENST00000469838.5	RBM5	TGAT	SMG1ivDMSO
ENST00000359308.8	XRCC6	TGAC	SMG1ivDMSO
ENST00000549098.5	RPLP0	TGAT	GIGYF2dvWT,SMG1ivDMSO
ENST00000378670.8	UQCRQ	TGAG	SMG1ivDMSO
ENST00000520547.3	EIF5AL1	TAAC	SMG1ivDMSO
ENST00000367679.7	CACYBP	TGAG	SMG1ivDMSO
ENST00000675052.1	ELP1	TAAT	SMG1ivDMSO
ENST00000319921.4	RNF213	TAGT	SMG1ivDMSO
ENST00000228318.7	SLC25A3	TAGT	SMG1ivDMSO
ENST00000646680.1	ENO1	TGAC	SMG1ivDMSO
ENST00000389302.7	FANCA	TGAG	EIF4E2dvWT,SMG1ivDMSO
ENST00000523929.1	HSPA9	TAAA	GIGYF2dvWT
ENST00000373715.11	SRSF3	TAGA	SMG1ivDMSO
ENST00000503396.5	PDS5A	TAGC	EIF4E2dvWT
ENST00000377982.8	ACTR2	TAAA	SMG1ivDMSO
ENST00000332118.11	SRPRA	TAAC	EIF4E2dvWT
ENST00000381556.6	MYBBP1A	TAAA	EIF4E2dvWT
ENST00000377386.8	TGOLN2	TAAC	SMG1ivDMSO
ENST00000344347.5	XBP1	TAA	SMG1ivDMSO
ENST00000565464.5	UQCRC2	TAAG	SMG1ivDMSO
ENST00000311595.14	ENGASE	TGAA	SMG1ivDMSO
ENST00000392524.6	HNRNPA3	TAAA	SMG1ivDMSO
ENST00000353275.9	NSD2	TAGA	SMG1ivDMSO
ENST00000380525.9	CARS1	TGAG	SMG1ivDMSO
ENST00000660930.1	SDF4	TGAA	EIF4E2dvWT
ENST00000311672.10	UQCRH	TAAA	SMG1ivDMSO
ENST00000440114.1	HSPD1	TGAG	EIF4E2dvWT,GIGYF2dvWT
ENST00000426333.7	EFTUD2	TGAG	SMG1ivDMSO
ENST00000396212.6	CCP110	TAAA	SMG1ivDMSO
ENST00000543184.5	PRAME	TAGC	SMG1ivDMSO
ENST00000338910.9	PSPC1	TAAA	SMG1ivDMSO
ENST00000288439.9	SLC38A10	TAAA	SMG1ivDMSO
ENST00000194214.9	HSPB11	TAAT	EIF4E2dvWT,GIGYF2dvWT
ENST00000378727.8	THUMPD2	TGAA	SMG1ivDMSO
ENST00000572815.5	EIF5A	TAAC	SMG1ivDMSO
ENST00000598597.6	AKAP8	TGAC	SMG1ivDMSO
ENST00000361682.11	COMT	TGAC	SMG1ivDMSO
ENST00000675825.1	ELP1	TGAG	GIGYF2dvWT
ENST00000221455.8	CLASRP	TAGG	SMG1ivDMSO
ENST00000374114.8	RBM12	TAGC	EIF4E2dvWT
ENST00000614404.1	UBB	TAAT	SMG1ivDMSO
ENST00000276689.8	NDUFB9	TAGA	SMG1ivDMSO
ENST00000255608.9	BTBD2	TAGG	EIF4E2dvWT
ENST00000634363.1	SNRNP48	TGAA	SMG1ivDMSO
ENST00000343677.4	H1-2	TAGG	EIF4E2dvWT,SMG1ivDMSO
ENST00000339643.9	ENSA	TGAT	SMG1ivDMSO
ENST00000301072.11	TUBA1C	TAAC	GIGYF2dvWT,SMG1ivDMSO
ENST00000394723.7	ANKHD1	TAGA	SMG1ivDMSO
ENST00000541182.1	ARF1	TGAA	SMG1ivDMSO
ENST00000320676.11	RBMX	TAGA	SMG1ivDMSO
ENST00000674880.1	DCP2	TGAG	EIF4E2dvWT
